Predictor variable,Categorical,Sample average
chl,false,0.8453052540620168
distance,false,57.0
no3,false,5.01828936735789
o2,false,250.02042304144965
phyc,false,3.8046122656928167
po4,false,0.0162716057513737
si,false,11.519363827175564
so,false,29.28422949049208
thetao,false,17.91669209798177
